,upfront,modest,hopeful
ctrl,16406.5,17262.994,18472.0
test_lb,14905.454285519123,15730.226285519122,16894.454285519125
test_ub,18184.545714480875,19009.317714480876,20173.545714480875
